RC#_o,RC Name_o,Category_o,Vendor#_o,Vendor Name_o,Address 1_o,Address 2_o,City_o,State_o,ZIP code_o,Amount_o,TPN_ID,RC#_u,RC Name_u,Category_u,Vendor#_u,Vendor Name_u,Address 1_u,Address 2_u,City_u,State_u,ZIP code_u,Amount_u,_merge,AmountDiff
,,,,,,,,,,0.0,1-6400-248552,1,Chancellor,6400,248552,TEAM BEANS LLC,11 ELKINS RD,,EAST BRUNSWICK,NJ,08816-2006,8208,right_only,8208.0
,,,,,,,,,,0.0,1-6400-683094,1,Chancellor,6400,683094,FOUR KITCHENS LLC,4300 SPEEDWAY STE 49019,,AUSTIN,TX,78765,5652,right_only,5652.0
,,,,,,,,,,0.0,5-6400-115138,5,Student Affairs,6400,115138,LAWSON PRODUCTS INC,135 S LASALLE DEPT 2689,,CHICAGO,IL,60674-2689,4401,right_only,4401.0
,,,,,,,,,,0.0,5-6400-163005,5,Student Affairs,6400,163005,MEDLINE INDUSTRIES INC,ONE MEDLINE PLACE,,MUNDELEIN,IL,60060-4486,1534,right_only,1534.0
,,,,,,,,,,0.0,5-6400-521322,5,Student Affairs,6400,521322,SUPRA OFFICE SOLUTIONS INC,PO BOX 201,,BALA CYNWYD,PA,19004,1151,right_only,1151.0
,,,,,,,,,,0.0,6-6000-627229,6,Kenneth P. Dietrich School of Arts and Sciences,6000,627229,GOODFELLOW CAMBRIDGE LTD,125 HOOKSTOWN GRADE RD,,CORAOPOLIS,PA,15108,1092,right_only,1092.0
,,,,,,,,,,0.0,6-6400-104257,6,Kenneth P. Dietrich School of Arts and Sciences,6400,104257,FISHER SCIENTIFIC COMPANY LLC,PO BOX 406538,,ATLANTA,GA,30384-6538,2344352,right_only,2344352.0
,,,,,,,,,,0.0,6-6400-112359,6,Kenneth P. Dietrich School of Arts and Sciences,6400,112359,WESCO DISTRIBUTION INC,2001 PLEASANT VALLEY BLVD,,ALTOONA,PA,16602,12322,right_only,12322.0
,,,,,,,,,,0.0,6-6400-163005,6,Kenneth P. Dietrich School of Arts and Sciences,6400,163005,MEDLINE INDUSTRIES INC,ONE MEDLINE PLACE,,MUNDELEIN,IL,60060-4486,157457,right_only,157457.0
,,,,,,,,,,0.0,6-6400-192960,6,Kenneth P. Dietrich School of Arts and Sciences,6400,192960,EMSCO SCIENTIFIC ENTERPRISES INC,P O BOX 28032,,PHILADELPHIA,PA,19131-0000,26560,right_only,26560.0
,,,,,,,,,,0.0,6-6400-248552,6,Kenneth P. Dietrich School of Arts and Sciences,6400,248552,TEAM BEANS LLC,11 ELKINS RD,,EAST BRUNSWICK,NJ,08816-2006,1823,right_only,1823.0
,,,,,,,,,,0.0,6-6400-248635,6,Kenneth P. Dietrich School of Arts and Sciences,6400,248635,GRAINGER,3750 BROOKSIDE PKWY,STE 260,ALPHARETTA,GA,30022-1433,21809,right_only,21809.0
,,,,,,,,,,0.0,6-6400-274007,6,Kenneth P. Dietrich School of Arts and Sciences,6400,274007,VWR INTERNATIONAL,405 HERON DRIVE,,BRIDGEPORT,NJ,08014,73050,right_only,73050.0
,,,,,,,,,,0.0,6-6400-404638,6,Kenneth P. Dietrich School of Arts and Sciences,6400,404638,RS SUPPLY LLC,2228 CENTRE AVE,,PITTSBURGH,PA,15219,1800,right_only,1800.0
,,,,,,,,,,0.0,6-6400-521322,6,Kenneth P. Dietrich School of Arts and Sciences,6400,521322,SUPRA OFFICE SOLUTIONS INC,PO BOX 201,,BALA CYNWYD,PA,19004,2162,right_only,2162.0
,,,,,,,,,,0.0,6-6400-558685,6,Kenneth P. Dietrich School of Arts and Sciences,6400,558685,"JONES, DANIEL A","135 WEST 225TH STREET, APT 6A",,BRONX,NY,10463,1000,right_only,1000.0
,,,,,,,,,,0.0,6-6400-626942,6,Kenneth P. Dietrich School of Arts and Sciences,6400,626942,LIGHTHOUSE LIFE SCIENCE PARTNERS LLC,21370 HEYWOOD AVE,,LAKEVILLE,MN,55044,1488,right_only,1488.0
,,,,,,,,,,0.0,6-6400-649533,6,Kenneth P. Dietrich School of Arts and Sciences,6400,649533,"OKRAH, GRACE",3760 LYNARBOR LN,,ATLANTA,GA,30349,2776,right_only,2776.0
,,,,,,,,,,0.0,6-6400-668163,6,Kenneth P. Dietrich School of Arts and Sciences,6400,668163,CINCINNATI LAB SUPPLY INC,11385 SEBRING DRIVE,,CINCINNATI,OH,45240,248532,right_only,248532.0
,,,,,,,,,,0.0,6-6400-683449,6,Kenneth P. Dietrich School of Arts and Sciences,6400,683449,"ALAMUDUN, SOPHYA",4891 PEARCE DR,APT C,HUNTINGTON BEACH,CA,92649,1086,right_only,1086.0
,,,,,,,,,,0.0,10-6400-100877,10,SVC and Provost,6400,100877,APPLE COMPUTER INC,PO BOX 281877,,ATLANTA,GA,30384-1877,1085,right_only,1085.0
,,,,,,,,,,0.0,10-6400-103356,10,SVC and Provost,6400,103356,DELL MARKETING LP,DEPT AT 40275,,ATLANTA,GA,31192-0001,28724,right_only,28724.0
,,,,,,,,,,0.0,10-6400-110625,10,SVC and Provost,6400,110625,SKYLINE DISPLAYS OF PITTSBURGH,3355 DISCOVERY RD,ACCOUNTS RECEIVABLE,EAGAN,MN,55121,37091,right_only,37091.0
,,,,,,,,,,0.0,10-6400-142697,10,SVC and Provost,6400,142697,STAPLES INC,PO BOX 930257,,ATLANTA,GA,31193-0257,5338,right_only,5338.0
,,,,,,,,,,0.0,10-6400-185133,10,SVC and Provost,6400,185133,CDW GOVERNMENT INC,75 REMITTANCE DR,SUITE 1515,CHICAGO,IL,60675-1515,4750,right_only,4750.0
,,,,,,,,,,0.0,10-6400-248552,10,SVC and Provost,6400,248552,TEAM BEANS LLC,11 ELKINS RD,,EAST BRUNSWICK,NJ,08816-2006,144985,right_only,144985.0
,,,,,,,,,,0.0,10-6400-521322,10,SVC and Provost,6400,521322,SUPRA OFFICE SOLUTIONS INC,PO BOX 201,,BALA CYNWYD,PA,19004,3098,right_only,3098.0
,,,,,,,,,,0.0,10-6400-558135,10,SVC and Provost,6400,558135,AWESOME FILMS LLC,2653 GLOUCESTER DRIVE,,PITTSBURGH,PA,15241,3750,right_only,3750.0
,,,,,,,,,,0.0,10-6400-683617,10,SVC and Provost,6400,683617,HUE MARCOM SERVICES PVT LTD,1102-B PINNACLE BUS PARK,CORPORATE RD PRAHLADNAGAR,AHMEDABAD,GUJARAT,380015,1606,right_only,1606.0
,,,,,,,,,,0.0,10-6400-689309,10,SVC and Provost,6400,689309,CEROS INC,40 W 25TH ST 12TH FL,,NEW YORK,NY,10010,79800,right_only,79800.0
,,,,,,,,,,0.0,10-6400-689543,10,SVC and Provost,6400,689543,BBVISIONS MULTIMEDIA LLC,2399 maple mill drive,,buford,GA,,15630,right_only,15630.0
,,,,,,,,,,0.0,10-6400-689608,10,SVC and Provost,6400,689608,PFL,100 PFL WAY,,LIVINGSTON,MT,59047,790510,right_only,790510.0
,,,,,,,,,,0.0,10-6400-690837,10,SVC and Provost,6400,690837,US INDIA EDUCATIONAL FOUNDATION,12 HAILEY RD,,NEW DELHI,,110001,1000,right_only,1000.0
,,,,,,,,,,0.0,10-6400-692774,10,SVC and Provost,6400,692774,GROK CHINA LLC,535 DEAN ST STE 916,,BROOKLYN,NY,11217,3000,right_only,3000.0
,,,,,,,,,,0.0,21-6400-185133,21,Katz Graduate School of Business,6400,185133,CDW GOVERNMENT INC,75 REMITTANCE DR,SUITE 1515,CHICAGO,IL,60675-1515,1200,right_only,1200.0
,,,,,,,,,,0.0,21-6400-276087,21,Katz Graduate School of Business,6400,276087,BRUCELLI ADVERTISING CO INC,310 S BLAKELY ST,,DUNMORE,PA,18512,4927,right_only,4927.0
,,,,,,,,,,0.0,22-6400-102496,22,School of Education,6400,102496,CINTAS CORP,40 ABELE RD,,BRIDGEVILLE,PA,15017,1440,right_only,1440.0
,,,,,,,,,,0.0,22-6400-521322,22,School of Education,6400,521322,SUPRA OFFICE SOLUTIONS INC,PO BOX 201,,BALA CYNWYD,PA,19004,1260,right_only,1260.0
,,,,,,,,,,0.0,23-6000-111821,23,Swanson School of Engineering,6000,111821,UNIVERSITY OF FLORIDA,PO BOX 118435,362 WILLIAMSON HALL,GAINESVILLE,FL,32611,1200,right_only,1200.0
,,,,,,,,,,0.0,23-6000-181574,23,Swanson School of Engineering,6000,181574,PRECISION LASER & INSTRUMENT,131 THOMPSON HILL RD,,ALIQUIPPA,PA,15001 (no,4182,right_only,4182.0
,,,,,,,,,,0.0,23-6000-379234,23,Swanson School of Engineering,6000,379234,VERIZON BUSINESS,PO BOX 15043,,ALBANY,NY,12212-5043,1487,right_only,1487.0
,,,,,,,,,,0.0,23-6400-100877,23,Swanson School of Engineering,6400,100877,APPLE COMPUTER INC,PO BOX 281877,,ATLANTA,GA,30384-1877,3420,right_only,3420.0
,,,,,,,,,,0.0,23-6400-185133,23,Swanson School of Engineering,6400,185133,CDW GOVERNMENT INC,75 REMITTANCE DR,SUITE 1515,CHICAGO,IL,60675-1515,16747,right_only,16747.0
,,,,,,,,,,0.0,23-6400-521322,23,Swanson School of Engineering,6400,521322,SUPRA OFFICE SOLUTIONS INC,PO BOX 201,,BALA CYNWYD,PA,19004,1817,right_only,1817.0
,,,,,,,,,,0.0,24-6400-293755,24,School of Law,6400,293755,"GEORGE JACKSON PROMOTIONS, INC",300 MARTIN AVENUE,,PITTSBURGH,PA,15216,3057,right_only,3057.0
,,,,,,,,,,0.0,26-6400-311940,26,School of Social Work,6400,311940,"ZIPRIS, ARTHUR",5919 DOUGLAS ST,,PITTSBURGH,PA,15217,1400,right_only,1400.0
,,,,,,,,,,0.0,26-6400-679750,26,School of Social Work,6400,679750,VITAMIN C HEALING,235 SMOKEYWOOD DR,,PITTSBURGH,PA,15218,1500,right_only,1500.0
,,,,,,,,,,0.0,26-6400-688164,26,School of Social Work,6400,688164,"SHEAFFER, ERIN MICHELLE",7042 FRANKLIN RD,,CRANBERRY TWP,PA,16066,1200,right_only,1200.0
,,,,,,,,,,0.0,26-6400-693677,26,School of Social Work,6400,693677,"WILLIAMS, JHACOVA",1401 NEW YORK AVE NE,APT 316,WASHINGTON,DC,20002,9000,right_only,9000.0
,,,,,,,,,,0.0,30-6400-104257,30,SVC Health Sciences,6400,104257,FISHER SCIENTIFIC COMPANY LLC,PO BOX 406538,,ATLANTA,GA,30384-6538,99719,right_only,99719.0
,,,,,,,,,,0.0,30-6400-105339,30,SVC Health Sciences,6400,105339,HOLIDAY INN EXPRESS,"TURF WESTERN AVE, INC",1442 WESTERN AVE,ALBANY,NY,12203,1221,right_only,1221.0
,,,,,,,,,,0.0,30-6400-107610,30,SVC Health Sciences,6400,107610,MIDSCI,PO BOX 11750,,ST LOUIS,MO,63105-0000,1154,right_only,1154.0
,,,,,,,,,,0.0,30-6400-114200,30,SVC Health Sciences,6400,114200,QUEST DIAGNOSTICS,P.O. BOX 740709,,ATLANTA,GA,30374-0709,1237840,right_only,1237840.0
,,,,,,,,,,0.0,30-6400-115104,30,SVC Health Sciences,6400,115104,LIFE TECHNOLOGIES CORP,PO BOX 79464,,BALTIMORE,MD,21279-0464,30950,right_only,30950.0
,,,,,,,,,,0.0,30-6400-248635,30,SVC Health Sciences,6400,248635,GRAINGER,3750 BROOKSIDE PKWY,STE 260,ALPHARETTA,GA,30022-1433,3557,right_only,3557.0
,,,,,,,,,,0.0,30-6400-290400,30,SVC Health Sciences,6400,290400,ELECTRONIC IMAGING MATERIALS INC,20 FORGE STREET,,KEENE,NH,03431,3916,right_only,3916.0
,,,,,,,,,,0.0,30-6400-437687,30,SVC Health Sciences,6400,437687,MEDSPEED LLC,650 WEST GRAND AVE,SUITE 314,ELMHURST,IL,60126,24356,right_only,24356.0
,,,,,,,,,,0.0,30-6400-521322,30,SVC Health Sciences,6400,521322,SUPRA OFFICE SOLUTIONS INC,PO BOX 201,,BALA CYNWYD,PA,19004,1711,right_only,1711.0
,,,,,,,,,,0.0,30-6400-688677,30,SVC Health Sciences,6400,688677,C & C BUILDING SUPPLIES,139 SNYDERTOWN RD STE 100,,TARRS,PA,15688,2530,right_only,2530.0
,,,,,,,,,,0.0,30-6400-689044,30,SVC Health Sciences,6400,689044,CERTIFY GLOBAL INC,1201 SEVEN LOCKS RD STE 214,,POTOMAC,MD,20854,204400,right_only,204400.0
,,,,,,,,,,0.0,31-6000-307219,31,School of Dental Medicine,6000,307219,TYPHON GROUP,2225 N HULLEN ST,,METAIRIE,LA,70001,1950,right_only,1950.0
,,,,,,,,,,0.0,31-6400-104257,31,School of Dental Medicine,6400,104257,FISHER SCIENTIFIC COMPANY LLC,PO BOX 406538,,ATLANTA,GA,30384-6538,6880,right_only,6880.0
,,,,,,,,,,0.0,31-6400-163005,31,School of Dental Medicine,6400,163005,MEDLINE INDUSTRIES INC,ONE MEDLINE PLACE,,MUNDELEIN,IL,60060-4486,2084,right_only,2084.0
,,,,,,,,,,0.0,31-6400-274007,31,School of Dental Medicine,6400,274007,VWR INTERNATIONAL,405 HERON DRIVE,,BRIDGEPORT,NJ,08014,12350,right_only,12350.0
,,,,,,,,,,0.0,31-6400-682738,31,School of Dental Medicine,6400,682738,DXTX MEDICAL INC,639 ALPHA DRIVE,,PITTSBURGH,PA,15238,15581,right_only,15581.0
,,,,,,,,,,0.0,31-6400-698442,31,School of Dental Medicine,6400,698442,CENTER FOR EXCELLENCE IN PERIODONTICS &,19 WILLS WAY,,PISCATAWAY,NJ,08854,2250,right_only,2250.0
,,,,,,,,,,0.0,32-6400-103356,32,School of Nursing,6400,103356,DELL MARKETING LP,DEPT AT 40275,,ATLANTA,GA,31192-0001,141214,right_only,141214.0
,,,,,,,,,,0.0,32-6400-185133,32,School of Nursing,6400,185133,CDW GOVERNMENT INC,75 REMITTANCE DR,SUITE 1515,CHICAGO,IL,60675-1515,2541,right_only,2541.0
,,,,,,,,,,0.0,33-6400-101243,33,School of Pharmacy,6400,101243,B&H PHOTO VIDEO,119 WEST 17TH STREET,,NEW YORK,NY,10011,1495,right_only,1495.0
,,,,,,,,,,0.0,33-6400-103356,33,School of Pharmacy,6400,103356,DELL MARKETING LP,DEPT AT 40275,,ATLANTA,GA,31192-0001,28554,right_only,28554.0
,,,,,,,,,,0.0,33-6400-123853,33,School of Pharmacy,6400,123853,LERRO CORP,400 PENN CENTER BLVD,SUITE 721,PITTSBURGH,PA,15235-0000,3447,right_only,3447.0
,,,,,,,,,,0.0,33-6400-185133,33,School of Pharmacy,6400,185133,CDW GOVERNMENT INC,75 REMITTANCE DR,SUITE 1515,CHICAGO,IL,60675-1515,17063,right_only,17063.0
,,,,,,,,,,0.0,33-6400-276087,33,School of Pharmacy,6400,276087,BRUCELLI ADVERTISING CO INC,310 S BLAKELY ST,,DUNMORE,PA,18512,2681,right_only,2681.0
,,,,,,,,,,0.0,35-6000-627448,35,School of Medicine,6000,627448,"FULLER, ZACHARY LEE",925 BRYN MAWR RD,,PITTSBURGH,PA,15219,1257,right_only,1257.0
,,,,,,,,,,0.0,35-6000-627484,35,School of Medicine,6000,627484,"LIU, REBECCA",5 BROOKSIDE DRIVE,,DARIEN,CT,06820,1337,right_only,1337.0
,,,,,,,,,,0.0,35-6400-101243,35,School of Medicine,6400,101243,B&H PHOTO VIDEO,119 WEST 17TH STREET,,NEW YORK,NY,10011,2331,right_only,2331.0
,,,,,,,,,,0.0,35-6400-103356,35,School of Medicine,6400,103356,DELL MARKETING LP,DEPT AT 40275,,ATLANTA,GA,31192-0001,3055,right_only,3055.0
,,,,,,,,,,0.0,35-6400-264603,35,School of Medicine,6400,264603,"DAVIS, DENA S",524 N NEW ST,,BETHLEHEM,PA,18018,1500,right_only,1500.0
,,,,,,,,,,0.0,35-6400-521322,35,School of Medicine,6400,521322,SUPRA OFFICE SOLUTIONS INC,PO BOX 201,,BALA CYNWYD,PA,19004,5249,right_only,5249.0
,,,,,,,,,,0.0,35-6400-556600,35,School of Medicine,6400,556600,"FROMME, PETRA",913 W OLLA AVE,,MESA,AZ,85210,1000,right_only,1000.0
,,,,,,,,,,0.0,35-6400-697652,35,School of Medicine,6400,697652,"DOSHI-VELEZ, FINALE",340 FRANKLIN ST #2,,CAMBRIDGE,MA,02139,1200,right_only,1200.0
,,,,,,,,,,0.0,35-6600-376590,35,School of Medicine,6600,376590,COMCAST,P.O. BOX 105184,,ATLANTA,GA,30348-5184,1046,right_only,1046.0
,,,,,,,,,,0.0,39-6400-101243,39,School of Health & Rehabilitation Sciences,6400,101243,B&H PHOTO VIDEO,119 WEST 17TH STREET,,NEW YORK,NY,10011,21165,right_only,21165.0
,,,,,,,,,,0.0,39-6400-102439,39,School of Health & Rehabilitation Sciences,6400,102439,CHILDREN'S HOSPITAL OF PITTSBURGH OF UPM,818 BRADDOCK AVE,FAMILY CARE CONNECTION BRAD/RANK,BRADDOCK,PA,15104,4000,right_only,4000.0
,,,,,,,,,,0.0,39-6400-103356,39,School of Health & Rehabilitation Sciences,6400,103356,DELL MARKETING LP,DEPT AT 40275,,ATLANTA,GA,31192-0001,11003,right_only,11003.0
,,,,,,,,,,0.0,39-6400-104257,39,School of Health & Rehabilitation Sciences,6400,104257,FISHER SCIENTIFIC COMPANY LLC,PO BOX 406538,,ATLANTA,GA,30384-6538,2750,right_only,2750.0
,,,,,,,,,,0.0,39-6400-112359,39,School of Health & Rehabilitation Sciences,6400,112359,WESCO DISTRIBUTION INC,2001 PLEASANT VALLEY BLVD,,ALTOONA,PA,16602,1311,right_only,1311.0
,,,,,,,,,,0.0,39-6400-163005,39,School of Health & Rehabilitation Sciences,6400,163005,MEDLINE INDUSTRIES INC,ONE MEDLINE PLACE,,MUNDELEIN,IL,60060-4486,5146,right_only,5146.0
,,,,,,,,,,0.0,39-6400-163247,39,School of Health & Rehabilitation Sciences,6400,163247,POCKET NURSE ENTERPRISES INC,200 1ST ST,,AMBRIDGE,PA,15003,1084,right_only,1084.0
,,,,,,,,,,0.0,39-6400-185133,39,School of Health & Rehabilitation Sciences,6400,185133,CDW GOVERNMENT INC,75 REMITTANCE DR,SUITE 1515,CHICAGO,IL,60675-1515,11079,right_only,11079.0
,,,,,,,,,,0.0,39-6400-429311,39,School of Health & Rehabilitation Sciences,6400,429311,PERFORMANCE HEALTH SUPPLY INC,1000 REMINGTON BLVD,SUITE 210,BOLINGBROOK,IL,60440,10189,right_only,10189.0
,,,,,,,,,,0.0,39-6400-468295,39,School of Health & Rehabilitation Sciences,6400,468295,CHILDREN'S INSTITUTE OF PITTSBURGH,1405 SHADY AVENUE,,PITTSBURGH,PA,15217-1350,1000,right_only,1000.0
,,,,,,,,,,0.0,39-6400-521322,39,School of Health & Rehabilitation Sciences,6400,521322,SUPRA OFFICE SOLUTIONS INC,PO BOX 201,,BALA CYNWYD,PA,19004,2731,right_only,2731.0
,,,,,,,,,,0.0,39-6400-628866,39,School of Health & Rehabilitation Sciences,6400,628866,VISUAL VEGGIES SOFTWARE LLC,203 JEAN STREET,,EXETER,PA,18643,2499,right_only,2499.0
,,,,,,,,,,0.0,39-6400-689782,39,School of Health & Rehabilitation Sciences,6400,689782,SIMUCASE LLC,PO BOX 734838,,DALLAS,TX,75373-4838,4177,right_only,4177.0
,,,,,,,,,,0.0,41-6400-101243,41,Johnstown Campus,6400,101243,B&H PHOTO VIDEO,119 WEST 17TH STREET,,NEW YORK,NY,10011,106362,right_only,106362.0
,,,,,,,,,,0.0,41-6400-102496,41,Johnstown Campus,6400,102496,CINTAS CORP,40 ABELE RD,,BRIDGEVILLE,PA,15017,21605,right_only,21605.0
,,,,,,,,,,0.0,41-6400-103356,41,Johnstown Campus,6400,103356,DELL MARKETING LP,DEPT AT 40275,,ATLANTA,GA,31192-0001,51178,right_only,51178.0
,,,,,,,,,,0.0,41-6400-104257,41,Johnstown Campus,6400,104257,FISHER SCIENTIFIC COMPANY LLC,PO BOX 406538,,ATLANTA,GA,30384-6538,112391,right_only,112391.0
,,,,,,,,,,0.0,41-6400-104384,41,Johnstown Campus,6400,104384,FRANKLIN INTERIORS,PO BOX 6107,,HERMITAGE,PA,16148-0923,21161,right_only,21161.0
,,,,,,,,,,0.0,41-6400-105257,41,Johnstown Campus,6400,105257,HF LENZ CO,1407 SCALP AVE,,JOHNSTOWN,PA,15904,15804,right_only,15804.0
,,,,,,,,,,0.0,41-6400-111678,41,Johnstown Campus,6400,111678,UNIFIRST CORP,PO BOX 650481,,DALLAS,TX,75265,16125,right_only,16125.0
,,,,,,,,,,0.0,41-6400-113024,41,Johnstown Campus,6400,113024,NATALE SPORTING GOODS INC,209 FIFTH AVENUE,,MCKEESPORT,PA,15132,2880,right_only,2880.0
,,,,,,,,,,0.0,41-6400-115138,41,Johnstown Campus,6400,115138,LAWSON PRODUCTS INC,135 S LASALLE DEPT 2689,,CHICAGO,IL,60674-2689,1600,right_only,1600.0
,,,,,,,,,,0.0,41-6400-123853,41,Johnstown Campus,6400,123853,LERRO CORP,400 PENN CENTER BLVD,SUITE 721,PITTSBURGH,PA,15235-0000,8714,right_only,8714.0
,,,,,,,,,,0.0,41-6400-129143,41,Johnstown Campus,6400,129143,EMAP,ATTN: JACK BABICH,PO BBOX 547,JOHNSTOWN,PA,15907,9000,right_only,9000.0
,,,,,,,,,,0.0,41-6400-142697,41,Johnstown Campus,6400,142697,STAPLES INC,PO BOX 930257,,ATLANTA,GA,31193-0257,1504,right_only,1504.0
,,,,,,,,,,0.0,41-6400-154166,41,Johnstown Campus,6400,154166,ANIXTER INC,PO BOX 98908,,CHICAGO,IL,60693-8908,6138,right_only,6138.0
,,,,,,,,,,0.0,41-6400-159382,41,Johnstown Campus,6400,159382,MAKDAD INDUSTRIAL SUPPLY CO INC,PO BOX 831,1227-31 9TH AVE,ALTOONA,PA,16603,4858,right_only,4858.0
,,,,,,,,,,0.0,41-6400-192960,41,Johnstown Campus,6400,192960,EMSCO SCIENTIFIC ENTERPRISES INC,P O BOX 28032,,PHILADELPHIA,PA,19131-0000,2310,right_only,2310.0
,,,,,,,,,,0.0,41-6400-195589,41,Johnstown Campus,6400,195589,THE LONG BARN INC II,777 LOCUST STREET,BOX 356,SAINT MICHAEL,PA,15951,9690,right_only,9690.0
,,,,,,,,,,0.0,41-6400-247809,41,Johnstown Campus,6400,247809,GLOBAL INDUSTRIAL EQUIPMENT,2505 MILL CENTER PKWY,,BUFORD,GA,30518-3700,4508,right_only,4508.0
,,,,,,,,,,0.0,41-6400-248552,41,Johnstown Campus,6400,248552,TEAM BEANS LLC,11 ELKINS RD,,EAST BRUNSWICK,NJ,08816-2006,9229,right_only,9229.0
,,,,,,,,,,0.0,41-6400-248635,41,Johnstown Campus,6400,248635,GRAINGER,3750 BROOKSIDE PKWY,STE 260,ALPHARETTA,GA,30022-1433,70620,right_only,70620.0
,,,,,,,,,,0.0,41-6400-268279,41,Johnstown Campus,6400,268279,FREELANCE AUDIO,1801 LOGAN AVENUE,,ALTOONA,PA,16602,2200,right_only,2200.0
,,,,,,,,,,0.0,41-6400-279757,41,Johnstown Campus,6400,279757,SCHOOL OUTFITTERS LLC,PO BOX 141231,,CINCINNATI,OH,45250-1231,12745,right_only,12745.0
,,,,,,,,,,0.0,41-6400-343887,41,Johnstown Campus,6400,343887,FIT OPTIMIZED SOLUTIONS,PO BOX 651,,ALLISON PARK,PA,15101,4414,right_only,4414.0
,,,,,,,,,,0.0,41-6400-390128,41,Johnstown Campus,6400,390128,PENSTAN SUPPLY,850 HORNER STREET,,JOHNSTOWN,PA,15902,1427,right_only,1427.0
,,,,,,,,,,0.0,41-6400-400531,41,Johnstown Campus,6400,400531,MODERN ART & PLATE GLASS CO,30 CONRAD ST,,JOHNSTOWN,PA,15905,23175,right_only,23175.0
,,,,,,,,,,0.0,41-6400-434217,41,Johnstown Campus,6400,434217,4WALL ENTERTAINMENT INC,3325 WEST SUNSET ROAD,SUITE F,LAS VEGAS,NV,89118,3270,right_only,3270.0
,,,,,,,,,,0.0,41-6400-484973,41,Johnstown Campus,6400,484973,W.C. MCQUAIDE INC,153 MACRIDGE AVENUE,,JOHNSTOWN,PA,15904,3579,right_only,3579.0
,,,,,,,,,,0.0,41-6400-521322,41,Johnstown Campus,6400,521322,SUPRA OFFICE SOLUTIONS INC,PO BOX 201,,BALA CYNWYD,PA,19004,23192,right_only,23192.0
,,,,,,,,,,0.0,41-6400-542098,41,Johnstown Campus,6400,542098,PPG ARCHITECTURAL COATINGS,PO BOX 536864,,ATLANTA,GA,30353-6864,1666,right_only,1666.0
,,,,,,,,,,0.0,41-6400-579754,41,Johnstown Campus,6400,579754,GP PORTABLE JOHNS LLC,KAMZIK SEPTIC \ GP PORTABLE JOHNS,747 SHEPARD ST,JOHNSTOWN,PA,15909,1120,right_only,1120.0
,,,,,,,,,,0.0,41-6400-682738,41,Johnstown Campus,6400,682738,DXTX MEDICAL INC,639 ALPHA DRIVE,,PITTSBURGH,PA,15238,14054,right_only,14054.0
,,,,,,,,,,0.0,41-6400-686468,41,Johnstown Campus,6400,686468,PACIFIC PACKAGING PRODUCTS INC,24 INDUSTRIAL WAY,,WILMINGTON,MA,01887,5963,right_only,5963.0
,,,,,,,,,,0.0,41-6400-686629,41,Johnstown Campus,6400,686629,ECO SAFE SANITIZING LLC,930 EISENHOWER BLVD,,JOHNSTOWN,PA,15904,70550,right_only,70550.0
,,,,,,,,,,0.0,41-6400-689508,41,Johnstown Campus,6400,689508,WOOTER APPAREL INC,727 PAGE AVE,,STATEN ISLAND,NY,10307,13200,right_only,13200.0
,,,,,,,,,,0.0,41-6400-690267,41,Johnstown Campus,6400,690267,BLUETARP FINANCIAL INC,NORTHERN TOOL & EQUIPMENT,PO BOX 105525,ATLANTA,GA,30348-5525,5515,right_only,5515.0
,,,,,,,,,,0.0,41-6400-693268,41,Johnstown Campus,6400,693268,MRL PRINTING LLC,THE MRL GROUP,"511 SE 5TH AVE, SUITE 3",FORT LAUDERDALE,FL,33301,1095,right_only,1095.0
,,,,,,,,,,0.0,41-6400-695978,41,Johnstown Campus,6400,695978,NOVO HEALTH SERVICES LLC,5155 WESTPARK DRIVE SW,,ATLANTA,GA,30336,2251,right_only,2251.0
,,,,,,,,,,0.0,41-6400-695984,41,Johnstown Campus,6400,695984,SOZOAID LLC,17 KINGSWOOD DR,,MECHANICSBURG,PA,17055,14400,right_only,14400.0
,,,,,,,,,,0.0,42-6400-104257,42,Greensburg Campus,6400,104257,FISHER SCIENTIFIC COMPANY LLC,PO BOX 406538,,ATLANTA,GA,30384-6538,4229,right_only,4229.0
,,,,,,,,,,0.0,42-6400-106896,42,Greensburg Campus,6400,106896,COLKER JANITORIAL SUPPLY,80 MESSENGER STREET,,JOHNSTOWN,PA,15902,3673,right_only,3673.0
,,,,,,,,,,0.0,42-6400-154253,42,Greensburg Campus,6400,154253,SIGNS BY TOMORROW,422 E PITTSBURGH ST,,GREENSBURG,PA,15601,2400,right_only,2400.0
,,,,,,,,,,0.0,42-6400-179912,42,Greensburg Campus,6400,179912,PHAROS SYSTEMS INTERNATIONAL INC,333 W COMMERCIAL ST  #3500,,E ROCHESTER,NY,14445,1062,right_only,1062.0
,,,,,,,,,,0.0,42-6400-248635,42,Greensburg Campus,6400,248635,GRAINGER,3750 BROOKSIDE PKWY,STE 260,ALPHARETTA,GA,30022-1433,22249,right_only,22249.0
,,,,,,,,,,0.0,42-6400-487952,42,Greensburg Campus,6400,487952,BSN SPORTS INC,1180-A CALIFORNIA AVE,,CORONA,CA,92881,1675,right_only,1675.0
,,,,,,,,,,0.0,42-6400-521322,42,Greensburg Campus,6400,521322,SUPRA OFFICE SOLUTIONS INC,PO BOX 201,,BALA CYNWYD,PA,19004,1630,right_only,1630.0
,,,,,,,,,,0.0,42-6400-686629,42,Greensburg Campus,6400,686629,ECO SAFE SANITIZING LLC,930 EISENHOWER BLVD,,JOHNSTOWN,PA,15904,4308,right_only,4308.0
,,,,,,,,,,0.0,42-6400-696989,42,Greensburg Campus,6400,696989,INTEGRATED CORPORATE HEALTH,2403 SIDNEY ST,STE 220,PITTSBURGH,PA,15203,33025,right_only,33025.0
,,,,,,,,,,0.0,43-6400-123853,43,Titusville Campus,6400,123853,LERRO CORP,400 PENN CENTER BLVD,SUITE 721,PITTSBURGH,PA,15235-0000,9333,right_only,9333.0
,,,,,,,,,,0.0,43-6400-185133,43,Titusville Campus,6400,185133,CDW GOVERNMENT INC,75 REMITTANCE DR,SUITE 1515,CHICAGO,IL,60675-1515,1334,right_only,1334.0
,,,,,,,,,,0.0,43-6400-248743,43,Titusville Campus,6400,248743,MEADVILLE PLATE GLASS INC,299 PINE ST,,MEADVILLE,PA,16335,1245,right_only,1245.0
,,,,,,,,,,0.0,43-6400-249936,43,Titusville Campus,6400,249936,CHAREST CO,5421 CRESTWOOD ROAD,PO BOX 626,BEMUS POINT,NY,14712,3379,right_only,3379.0
,,,,,,,,,,0.0,44-6000-104384,44,Bradford Campus,6000,104384,FRANKLIN INTERIORS,PO BOX 6107,,HERMITAGE,PA,16148-0923,17264,right_only,17264.0
,,,,,,,,,,0.0,44-6400-100608,44,Bradford Campus,6400,100608,AMERICAN HOTEL REGISTER CO,16458 COLLECTIONS CENTER DR,,CHICAGO,IL,60693,9615,right_only,9615.0
,,,,,,,,,,0.0,44-6400-101243,44,Bradford Campus,6400,101243,B&H PHOTO VIDEO,119 WEST 17TH STREET,,NEW YORK,NY,10011,2814,right_only,2814.0
,,,,,,,,,,0.0,44-6400-102496,44,Bradford Campus,6400,102496,CINTAS CORP,40 ABELE RD,,BRIDGEVILLE,PA,15017,25723,right_only,25723.0
,,,,,,,,,,0.0,44-6400-103963,44,Bradford Campus,6400,103963,ENTERPRISE RENT-A-CAR,4655 ROUTE 8,SUITE 126,ALLISON PARK,PA,15101-2438,1592,right_only,1592.0
,,,,,,,,,,0.0,44-6400-104257,44,Bradford Campus,6400,104257,FISHER SCIENTIFIC COMPANY LLC,PO BOX 406538,,ATLANTA,GA,30384-6538,5779,right_only,5779.0
,,,,,,,,,,0.0,44-6400-123853,44,Bradford Campus,6400,123853,LERRO CORP,400 PENN CENTER BLVD,SUITE 721,PITTSBURGH,PA,15235-0000,35917,right_only,35917.0
,,,,,,,,,,0.0,44-6400-163005,44,Bradford Campus,6400,163005,MEDLINE INDUSTRIES INC,ONE MEDLINE PLACE,,MUNDELEIN,IL,60060-4486,25425,right_only,25425.0
,,,,,,,,,,0.0,44-6400-192960,44,Bradford Campus,6400,192960,EMSCO SCIENTIFIC ENTERPRISES INC,P O BOX 28032,,PHILADELPHIA,PA,19131-0000,1155,right_only,1155.0
,,,,,,,,,,0.0,44-6400-201869,44,Bradford Campus,6400,201869,PURE TECH LLC,50 DAVIS ST,,BRADFORD,PA,16701-0000,10962,right_only,10962.0
,,,,,,,,,,0.0,44-6400-248635,44,Bradford Campus,6400,248635,GRAINGER,3750 BROOKSIDE PKWY,STE 260,ALPHARETTA,GA,30022-1433,9587,right_only,9587.0
,,,,,,,,,,0.0,44-6400-269640,44,Bradford Campus,6400,269640,JANITORS SUPPLY CO INC,540 EAST SECOND ST,PO BOX 1027,ERIE,PA,16507,1518,right_only,1518.0
,,,,,,,,,,0.0,44-6400-279757,44,Bradford Campus,6400,279757,SCHOOL OUTFITTERS LLC,PO BOX 141231,,CINCINNATI,OH,45250-1231,1241,right_only,1241.0
,,,,,,,,,,0.0,44-6400-310538,44,Bradford Campus,6400,310538,SERVCO SERVICES INC,PO BOX 484,,BRADFORD,PA,16701,345189,right_only,345189.0
,,,,,,,,,,0.0,44-6400-365751,44,Bradford Campus,6400,365751,MCCOURT LABEL CO,20 EGBERT LANE,,LEWIS RUN,PA,16738,3220,right_only,3220.0
,,,,,,,,,,0.0,44-6400-481416,44,Bradford Campus,6400,481416,PREMIER COMMUNICATION LLC,29 SHORT LANE,,SMETHPORT,PA,16749,1146,right_only,1146.0
,,,,,,,,,,0.0,44-6400-494879,44,Bradford Campus,6400,494879,ALLIMAGE GRAPHICS,900 FOURTH AVE,,WARREN,PA,16365,3843,right_only,3843.0
,,,,,,,,,,0.0,44-6400-555986,44,Bradford Campus,6400,555986,TRI-DIM FILTER CORP,PO BOX 734485,,CHICAGO,IL,60673-4485,11259,right_only,11259.0
,,,,,,,,,,0.0,44-6400-627442,44,Bradford Campus,6400,627442,IDEAL PRODUCTS INC,PO BOX 4090,,ONTARIO,CA,91761,5273,right_only,5273.0
,,,,,,,,,,0.0,44-6400-687337,44,Bradford Campus,6400,687337,WHEELERS CUSTOM MILLWORK LLC,328 SOUTH AVE,,BRADFORD,PA,16701,26488,right_only,26488.0
,,,,,,,,,,0.0,44-6400-687622,44,Bradford Campus,6400,687622,GLEASON MASONRY & CONSTRUCTION,22 DENNIS LANE,,BRADFORD,PA,16701,17238,right_only,17238.0
,,,,,,,,,,0.0,44-6400-687989,44,Bradford Campus,6400,687989,ABATEMENT TECHNOLOGIES INC,605 SATELLITE BLVD NW STE 300,,SUWANEE,GA,30024,1050,right_only,1050.0
,,,,,,,,,,0.0,44-6400-696989,44,Bradford Campus,6400,696989,INTEGRATED CORPORATE HEALTH,2403 SIDNEY ST,STE 220,PITTSBURGH,PA,15203,24450,right_only,24450.0
,,,,,,,,,,0.0,55-6000-107368,55,UPMC Hillman Cancer Center,6000,107368,M D ANDERSON CANCER CENTER,PTEW,KEELING CENTER,BASTROP,TX,78602,5952,right_only,5952.0
,,,,,,,,,,0.0,55-6000-298874,55,UPMC Hillman Cancer Center,6000,298874,TEK-PETTE,3220 CLEVELAND AVE,,COLUMBUS,OH,43224,1920,right_only,1920.0
,,,,,,,,,,0.0,55-6000-433235,55,UPMC Hillman Cancer Center,6000,433235,MEMORIAL SLOAN-KETTERING CANCER CENTER,BOX 31 OFFICE OF CONTINUING MEDICAL EDUC,1275 YORK AVENUE,NEW YORK,NY,10021,2880,right_only,2880.0
,,,,,,,,,,0.0,55-6400-104257,55,UPMC Hillman Cancer Center,6400,104257,FISHER SCIENTIFIC COMPANY LLC,PO BOX 406538,,ATLANTA,GA,30384-6538,3644,right_only,3644.0
,,,,,,,,,,0.0,55-6400-185133,55,UPMC Hillman Cancer Center,6400,185133,CDW GOVERNMENT INC,75 REMITTANCE DR,SUITE 1515,CHICAGO,IL,60675-1515,3986,right_only,3986.0
,,,,,,,,,,0.0,55-6400-274007,55,UPMC Hillman Cancer Center,6400,274007,VWR INTERNATIONAL,405 HERON DRIVE,,BRIDGEPORT,NJ,08014,1820,right_only,1820.0
,,,,,,,,,,0.0,60-6400-104257,60,Libraries,6400,104257,FISHER SCIENTIFIC COMPANY LLC,PO BOX 406538,,ATLANTA,GA,30384-6538,2135,right_only,2135.0
,,,,,,,,,,0.0,60-6400-104384,60,Libraries,6400,104384,FRANKLIN INTERIORS,PO BOX 6107,,HERMITAGE,PA,16148-0923,14778,right_only,14778.0
,,,,,,,,,,0.0,60-6400-111186,60,Libraries,6400,111186,SWANK MOTION PICTURES INC,2844 PAYSPHERE CIRCLE,,CHICAGO,IL,60674,12820,right_only,12820.0
,,,,,,,,,,0.0,60-6400-521322,60,Libraries,6400,521322,SUPRA OFFICE SOLUTIONS INC,PO BOX 201,,BALA CYNWYD,PA,19004,3252,right_only,3252.0
,,,,,,,,,,0.0,60-6400-562509,60,Libraries,6400,562509,KANOPY LLC,"781 BEACH ST, SUITE 410",,SAN FRANCISCO,CA,94109,18024,right_only,18024.0
,,,,,,,,,,0.0,60-6400-606096,60,Libraries,6400,606096,DOCUSEEK2,PO BOX 411222,,CHICAGO,IL,60641,1300,right_only,1300.0
,,,,,,,,,,0.0,67-6000-109511,67,Facilities Management,6000,109511,PROFESSIONAL GROUNDS MANAGEMENT SOCIETY,720 LIGHT ST,,BALTIMORE,MD,21230,1450,right_only,1450.0
,,,,,,,,,,0.0,67-6400-107724,67,Facilities Management,6400,107724,MONARCH OIL CO INC,1137 WASHINGTON BLVD,PO BOX 4600,PITTSBURGH,PA,15206,4075,right_only,4075.0
,,,,,,,,,,0.0,67-6400-203117,67,Facilities Management,6400,203117,SCALISE INDUSTRIES CORP,PO BOX 456,,LAWRENCE,PA,15055,83022,right_only,83022.0
,,,,,,,,,,0.0,67-6400-223573,67,Facilities Management,6400,223573,LGA PARTNERS LP,100 EAST SWISSVALE AVENUE,,PITTSBURGH,PA,15218,116589,right_only,116589.0
,,,,,,,,,,0.0,67-6400-248022,67,Facilities Management,6400,248022,"BENACK SOUND PRODUCTIONS, INC",360 WEST 119TH ST #B,,NEW YORK,NY,10026,19662,right_only,19662.0
,,,,,,,,,,0.0,67-6400-248184,67,Facilities Management,6400,248184,NORTHSTAR ENVIRONMENT LTD,1445 MARKET STREET,,BEAVER,PA,15009,3680,right_only,3680.0
,,,,,,,,,,0.0,67-6400-339984,67,Facilities Management,6400,339984,BUILDING CONTROL SYSTEMS INC,523 W MAIN ST,,CARNEGIE,PA,15106,10980,right_only,10980.0
,,,,,,,,,,0.0,67-6400-449266,67,Facilities Management,6400,449266,REYNOLDS CONSULTING ENGINEERS INC,3300 NORTH 3RD STREET,,HARRISBURG,PA,17110,68259,right_only,68259.0
,,,,,,,,,,0.0,67-6400-600071,67,Facilities Management,6400,600071,FOREMAN BUILDING COMMISSIONING LP,PO BOX 189,54 HALSTEAD BOULEVARD,ZELIENOPLE,PA,16063,30794,right_only,30794.0
,,,,,,,,,,0.0,67-6400-692013,67,Facilities Management,6400,692013,GLA WATER CONSULTANTS INC,201 BURCH DR,,MOON TOWNSHIP,PA,15108,17375,right_only,17375.0
,,,,,,,,,,0.0,67-7100-211120,67,Facilities Management,7100,211120,S&S PROCESSING INC,PO BOX 32,,ELLWOOD CITY,PA,16117-0000,2616,right_only,2616.0
,,,,,,,,,,0.0,67-7100-563112,67,Facilities Management,7100,563112,BUILDING CONTROL INTEGRATORS LLC,PO BOX 75702,,CLEVELAND,OH,44101,1156,right_only,1156.0
,,,,,,,,,,0.0,79-6400-370424,79,Business Affairs,6400,370424,SCHENLEY CENTER ASSOCIATES LP,RESIDENCE INN PGH UNIVERSITY CTR,3896 BIGELOW BLVD,PITTSBURGH,PA,15213,250000,right_only,250000.0
,,,,,,,,,,0.0,79-6400-505445,79,Business Affairs,6400,505445,WYNDHAM PITTSBURGH UNIVERSITY CENTER,545 E JOHN CARPENTER FREEWAY STE 1300,,IRVING,TX,75062,150000,right_only,150000.0
,,,,,,,,,,0.0,80-6000-667380,80,Athletics,6000,667380,GAMEDAY EDGE LLC,4021 S HARVARD AVE,,TULSA,OK,74135,2338,right_only,2338.0
,,,,,,,,,,0.0,80-6400-101243,80,Athletics,6400,101243,B&H PHOTO VIDEO,119 WEST 17TH STREET,,NEW YORK,NY,10011,4185,right_only,4185.0
,,,,,,,,,,0.0,80-6400-104257,80,Athletics,6400,104257,FISHER SCIENTIFIC COMPANY LLC,PO BOX 406538,,ATLANTA,GA,30384-6538,20540,right_only,20540.0
,,,,,,,,,,0.0,80-6400-109479,80,Athletics,6400,109479,PRO KNITWEAR,33 TERMINAL WAY,,PITTSBURGH,PA,15219,12477,right_only,12477.0
,,,,,,,,,,0.0,80-6400-110504,80,Athletics,6400,110504,SHERATON HOTEL,SHERATON NATIONAL HOTEL,900 SOUTH ORME STREET,ARLINGTON,VA,22204,4735,right_only,4735.0
,,,,,,,,,,0.0,80-6400-113000,80,Athletics,6400,113000,MEDCO SUPPLY CO INC,25 NORTHPOINTE PARKWAY,STE 25,AMHERST,NY,14228,8950,right_only,8950.0
,,,,,,,,,,0.0,80-6400-114200,80,Athletics,6400,114200,QUEST DIAGNOSTICS,P.O. BOX 740709,,ATLANTA,GA,30374-0709,15369,right_only,15369.0
,,,,,,,,,,0.0,80-6400-132454,80,Athletics,6400,132454,FASTSIGNS,144 W 12TH ST,,ERIE,PA,16501,2281,right_only,2281.0
,,,,,,,,,,0.0,80-6400-134773,80,Athletics,6400,134773,PARKHURST DINING SERVICES,285 E WATERFRONT DRIVE,,HOMESTEAD,PA,15120,12608,right_only,12608.0
,,,,,,,,,,0.0,80-6400-149494,80,Athletics,6400,149494,MASCARO CONSTRUCTION CO LP,1501 REEDSDALE ST,SUITE 202,PITTSBURGH,PA,15233,3494,right_only,3494.0
,,,,,,,,,,0.0,80-6400-163005,80,Athletics,6400,163005,MEDLINE INDUSTRIES INC,ONE MEDLINE PLACE,,MUNDELEIN,IL,60060-4486,11810,right_only,11810.0
,,,,,,,,,,0.0,80-6400-169104,80,Athletics,6400,169104,CHARTWELLS DINING SERVICES,C/O COMPASS GROUP USA,PO BOX 417632,BOSTON,MA,02241-7632,159493,right_only,159493.0
,,,,,,,,,,0.0,80-6400-185133,80,Athletics,6400,185133,CDW GOVERNMENT INC,75 REMITTANCE DR,SUITE 1515,CHICAGO,IL,60675-1515,1934,right_only,1934.0
,,,,,,,,,,0.0,80-6400-199847,80,Athletics,6400,199847,TAMIS CORPORATION,134 PENNOAK DRIVE,,PITTSBURGH,PA,15235,6855,right_only,6855.0
,,,,,,,,,,0.0,80-6400-203400,80,Athletics,6400,203400,HEALY AWARDS INC,N94 W14431 GARWIN MACE DR,,MENOMONEE FALLS,WI,53051-0000,2520,right_only,2520.0
,,,,,,,,,,0.0,80-6400-229357,80,Athletics,6400,229357,D H BERTENTHAL & SONS INC,PO BOX 520,,MORGAN,PA,15064-9704,57473,right_only,57473.0
,,,,,,,,,,0.0,80-6400-236648,80,Athletics,6400,236648,SERVICEMASTER OF GREATER PITTSBURGH,745 ALLEGHENY AVE,,OAKMONT,PA,15139,3400,right_only,3400.0
,,,,,,,,,,0.0,80-6400-248552,80,Athletics,6400,248552,TEAM BEANS LLC,11 ELKINS RD,,EAST BRUNSWICK,NJ,08816-2006,98152,right_only,98152.0
,,,,,,,,,,0.0,80-6400-295146,80,Athletics,6400,295146,ALPHAGRAPHICS IN THE CULTURAL DISTRICT,6775 NW 15TH AVENUE,,FORT LAUDERDALE,FL,33309,2212,right_only,2212.0
,,,,,,,,,,0.0,80-6400-296449,80,Athletics,6400,296449,NATIONAL CENTER FOR DRUG FREE SPORT INC,810 BALTIMORE,SUITE 200,KANSAS CITY,MO,64105,20519,right_only,20519.0
,,,,,,,,,,0.0,80-6400-308323,80,Athletics,6400,308323,EAT N PARK HOSPITALITY GROUP,285 E WATERFRONT DR,,HOMESTEAD,PA,15120,3640,right_only,3640.0
,,,,,,,,,,0.0,80-6400-316090,80,Athletics,6400,316090,SUNBELT RENTALS INC,PO BOX 409211,,ATLANTA,GA,30384-9211,4865,right_only,4865.0
,,,,,,,,,,0.0,80-6400-339520,80,Athletics,6400,339520,TRI C CLUB SUPPLY,32615 PARK LANE AVE,,GARDEN CITY,MI,48135-1528,6382,right_only,6382.0
,,,,,,,,,,0.0,80-6400-431771,80,Athletics,6400,431771,BIOREFERENCE LABORATORIES INC,481 EDWARD H ROSS DR,,ELMWOOD PARK,NJ,07407,225675,right_only,225675.0
,,,,,,,,,,0.0,80-6400-444953,80,Athletics,6400,444953,SCOLLON PRODUCTIONS INC,1016 WHITE ROCK RD,,WHITE ROCK,SC,29177,6722,right_only,6722.0
,,,,,,,,,,0.0,80-6400-487952,80,Athletics,6400,487952,BSN SPORTS INC,1180-A CALIFORNIA AVE,,CORONA,CA,92881,1418,right_only,1418.0
,,,,,,,,,,0.0,80-6400-521322,80,Athletics,6400,521322,SUPRA OFFICE SOLUTIONS INC,PO BOX 201,,BALA CYNWYD,PA,19004,2205,right_only,2205.0
,,,,,,,,,,0.0,80-6400-608857,80,Athletics,6400,608857,CGS IMAGING LLC,6950 HALL ST,,HOLLAND,OH,43528,20652,right_only,20652.0
,,,,,,,,,,0.0,80-6400-620468,80,Athletics,6400,620468,SCHLAEGLE DESIGN BUILD ASSOCIATES INC,2637 CHARTIERS AVENUE,,PITTSBURGH,PA,15204,5136,right_only,5136.0
,,,,,,,,,,0.0,80-6400-631887,80,Athletics,6400,631887,HOTEL INDIGO (PTC LODGING LLC),329 TECHNOLOGY DRIVE,,PITTSBURGH,PA,15219,18282,right_only,18282.0
,,,,,,,,,,0.0,80-6400-648859,80,Athletics,6400,648859,RED ZONE RECONDITIONING INC,105 METRO DRIVE,,ANDERSON,SC,29625,2356,right_only,2356.0
,,,,,,,,,,0.0,80-6400-655800,80,Athletics,6400,655800,PERFORMANCE AWARDS CENTER,1701 VANTAGE DR #100,,CARROLLTON,TX,75006,18135,right_only,18135.0
,,,,,,,,,,0.0,80-6400-662559,80,Athletics,6400,662559,GREEN GRIDIRON INC,1200 DONALDSON ROAD,,GREENVILLE,SC,29605,6525,right_only,6525.0
,,,,,,,,,,0.0,80-6400-682322,80,Athletics,6400,682322,NEP INTEGRATION SOLUTIONS,2 BETA DR,ATTN: ACCOUNTS RECEIVABLE,PITTSBURGH,PA,15238,32450,right_only,32450.0
,,,,,,,,,,0.0,80-6400-687843,80,Athletics,6400,687843,BIO-DEFENDERS INC,929 S HIGH ST #265,,WEST CHESTER,PA,19382,2097,right_only,2097.0
,,,,,,,,,,0.0,80-6400-690537,80,Athletics,6400,690537,CUREUV.COM,2855 S CONGRASS AVE,STE C,DELRAY BEACH,FL,33445,2630,right_only,2630.0
,,,,,,,,,,0.0,80-6400-691110,80,Athletics,6400,691110,"SAULLE, TOM",1461 OAKTON DR,,NORTH HUNTINGDON,PA,15642,2055,right_only,2055.0
,,,,,,,,,,0.0,80-6400-691194,80,Athletics,6400,691194,"STOTTS, LINDA",2492 ROSE GARDEN RD,,PITTSBURGH,PA,15220,1995,right_only,1995.0
,,,,,,,,,,0.0,80-6400-692780,80,Athletics,6400,692780,PALMETTO PRIMARY CARE PHYSICIANS,2500 ELMS CTR RD,,N CHARLESTON,SC,29406,1679,right_only,1679.0
,,,,,,,,,,0.0,80-6400-697518,80,Athletics,6400,697518,KINEXON INC,200 S WACKER DR STE 3100,,CHICAGO,IL,60606,17251,right_only,17251.0
,,,,,,,,,,0.0,80-6400-700403,80,Athletics,6400,700403,FITNESS ROOM CONCIERGE,721 AUNT CLARA RD,,BURGETTSTOWN,PA,15021,4200,right_only,4200.0
,,,,,,,,,,0.0,85-6400-103356,85,SOMD Administration,6400,103356,DELL MARKETING LP,DEPT AT 40275,,ATLANTA,GA,31192-0001,5266,right_only,5266.0
,,,,,,,,,,0.0,85-6400-104257,85,SOMD Administration,6400,104257,FISHER SCIENTIFIC COMPANY LLC,PO BOX 406538,,ATLANTA,GA,30384-6538,470546,right_only,470546.0
,,,,,,,,,,0.0,85-6400-104384,85,SOMD Administration,6400,104384,FRANKLIN INTERIORS,PO BOX 6107,,HERMITAGE,PA,16148-0923,42409,right_only,42409.0
,,,,,,,,,,0.0,85-6400-111524,85,SOMD Administration,6400,111524,T R LAST CO INC,BOX 142 BAKERSTOWN RD,,GIBSONIA,PA,15044,11796,right_only,11796.0
,,,,,,,,,,0.0,85-6400-111667,85,SOMD Administration,6400,111667,ULINE,PO BOX 88741,,CHICAGO,IL,60680-1741,4791,right_only,4791.0
,,,,,,,,,,0.0,85-6400-149128,85,SOMD Administration,6400,149128,LABREPCO INC,101 WITMER RD,SUITE 700,HORSHAM,PA,19044,4639,right_only,4639.0
,,,,,,,,,,0.0,85-6400-162254,85,SOMD Administration,6400,162254,"ALLEGHENY SUPPLY AND MAINTENANCE CO, INC",PO BOX 186,,DUNCANSVILLE,PA,16635,51460,right_only,51460.0
,,,,,,,,,,0.0,85-6400-163005,85,SOMD Administration,6400,163005,MEDLINE INDUSTRIES INC,ONE MEDLINE PLACE,,MUNDELEIN,IL,60060-4486,108658,right_only,108658.0
,,,,,,,,,,0.0,85-6400-185133,85,SOMD Administration,6400,185133,CDW GOVERNMENT INC,75 REMITTANCE DR,SUITE 1515,CHICAGO,IL,60675-1515,3623,right_only,3623.0
,,,,,,,,,,0.0,85-6400-248635,85,SOMD Administration,6400,248635,GRAINGER,3750 BROOKSIDE PKWY,STE 260,ALPHARETTA,GA,30022-1433,10051,right_only,10051.0
,,,,,,,,,,0.0,85-6400-274007,85,SOMD Administration,6400,274007,VWR INTERNATIONAL,405 HERON DRIVE,,BRIDGEPORT,NJ,08014,102662,right_only,102662.0
,,,,,,,,,,0.0,85-6400-549894,85,SOMD Administration,6400,549894,"JARJOUR, WAEL",1775 UNBRIDLED WAY,,BLACKLICK,OH,43004,1500,right_only,1500.0
,,,,,,,,,,0.0,85-6400-552836,85,SOMD Administration,6400,552836,FASTSIGNS GREENSBURG,6044 ROUTE 30 W STE 800,,GREENSBURG,PA,15601,29208,right_only,29208.0
,,,,,,,,,,0.0,85-6400-626942,85,SOMD Administration,6400,626942,LIGHTHOUSE LIFE SCIENCE PARTNERS LLC,21370 HEYWOOD AVE,,LAKEVILLE,MN,55044,201162,right_only,201162.0
,,,,,,,,,,0.0,85-6400-695309,85,SOMD Administration,6400,695309,AMERICAN PROTECTIVE PRODUCTS LLC,49 FOWLER ROAD,,NORTH BRANFORD,CT,06471,12629,right_only,12629.0
,,,,,,,,,,0.0,86-6400-602014,86,SVC Business and Operations,6400,602014,WHEN I WORK INC,PO BOX 200224,,DALLAS,TX,75320-0224,11055,right_only,11055.0
,,,,,,,,,,0.0,87-6400-103356,87,SVC and Chief Financial Officer,6400,103356,DELL MARKETING LP,DEPT AT 40275,,ATLANTA,GA,31192-0001,3481,right_only,3481.0
,,,,,,,,,,0.0,87-6400-521322,87,SVC and Chief Financial Officer,6400,521322,SUPRA OFFICE SOLUTIONS INC,PO BOX 201,,BALA CYNWYD,PA,19004,600681,right_only,600681.0
,,,,,,,,,,0.0,87-6400-688972,87,SVC and Chief Financial Officer,6400,688972,AMERICA TO GO LLC,1001 6TH AVE  12TH FLOOR,,NEW YORK,NY,10018,155054,right_only,155054.0
,,,,,,,,,,0.0,89-6400-102126,89,Human Resources,6400,102126,CARNEGIE MELLON UNIVERSITY,THE IMPACT MOVEMENT,4209 WASHINGTON BLVD,BALTIMORE,MD,21227,135000,right_only,135000.0
,,,,,,,,,,0.0,89-6400-103356,89,Human Resources,6400,103356,DELL MARKETING LP,DEPT AT 40275,,ATLANTA,GA,31192-0001,5238,right_only,5238.0
,,,,,,,,,,0.0,89-6400-104257,89,Human Resources,6400,104257,FISHER SCIENTIFIC COMPANY LLC,PO BOX 406538,,ATLANTA,GA,30384-6538,2185,right_only,2185.0
,,,,,,,,,,0.0,89-6400-106254,89,Human Resources,6400,106254,KAPLAN EARLY LEARNING CO,PO BOX 890575,,CHARLOTTE,NC,28289-0575,1334,right_only,1334.0
,,,,,,,,,,0.0,89-6400-106559,89,Human Resources,6400,106559,LAKESHORE LEARNING MATERIALS,2695 EAST DOMINGUEZ ST,,CARSON,CA,90895,1714,right_only,1714.0
,,,,,,,,,,0.0,89-6400-107921,89,Human Resources,6400,107921,NASCO - FORT ATKINSON,NASCO IOWA,400 LOCUST STREET,DES MOINES,IA,50309,1399,right_only,1399.0
,,,,,,,,,,0.0,89-6400-108717,89,Human Resources,6400,108717,PAPER PRODUCTS CO INC,36 TERMINAL WAY,,PITTSBURGH,PA,15219,2132,right_only,2132.0
,,,,,,,,,,0.0,89-6400-190568,89,Human Resources,6400,190568,DISCOUNT SCHOOL SUPPLY,PO BOX 6013,,CAROL STREAM,IL,60197-6013,4728,right_only,4728.0
,,,,,,,,,,0.0,89-6400-248635,89,Human Resources,6400,248635,GRAINGER,3750 BROOKSIDE PKWY,STE 260,ALPHARETTA,GA,30022-1433,8163,right_only,8163.0
,,,,,,,,,,0.0,89-6400-521322,89,Human Resources,6400,521322,SUPRA OFFICE SOLUTIONS INC,PO BOX 201,,BALA CYNWYD,PA,19004,4055,right_only,4055.0
,,,,,,,,,,0.0,90-6000-496241,90,Western Psychiatric Institute and Clinic,6000,496241,SILICON MECHANICS INC,22029 23RD DRIVE SE,,BOTHELL,WA,98201,9976,right_only,9976.0
,,,,,,,,,,0.0,90-6000-629538,90,Western Psychiatric Institute and Clinic,6000,629538,1A SMART START LLC,500 E DALLAS RD STE 100,,GRAPEVINE,TX,76051,4500,right_only,4500.0
,,,,,,,,,,0.0,92-6400-100212,92,Business and Auxiliary Services,6400,100212,AG MAURO CO,310 ALPHA DR,,PITTSBURGH,PA,15238,2300,right_only,2300.0
,,,,,,,,,,0.0,92-6400-102496,92,Business and Auxiliary Services,6400,102496,CINTAS CORP,40 ABELE RD,,BRIDGEVILLE,PA,15017,95295,right_only,95295.0
,,,,,,,,,,0.0,92-6400-103963,92,Business and Auxiliary Services,6400,103963,ENTERPRISE RENT-A-CAR,4655 ROUTE 8,SUITE 126,ALLISON PARK,PA,15101-2438,2996,right_only,2996.0
,,,,,,,,,,0.0,92-6400-103998,92,Business and Auxiliary Services,6400,103998,EQUIPARTS CORP,PO BOX 464,,OAKMONT,PA,15139,293363,right_only,293363.0
,,,,,,,,,,0.0,92-6400-106133,92,Business and Auxiliary Services,6400,106133,JOHNSTONE SUPPLY,5407 PROGRESS BLVD,,BETHEL PARK,PA,15102,1056,right_only,1056.0
,,,,,,,,,,0.0,92-6400-106560,92,Business and Auxiliary Services,6400,106560,LAKETON TV AND APPLIANCE AND SATEL,10491 FRANKSTOWN RD,,PITTSBURGH,PA,15235,1250,right_only,1250.0
,,,,,,,,,,0.0,92-6400-106896,92,Business and Auxiliary Services,6400,106896,COLKER JANITORIAL SUPPLY,80 MESSENGER STREET,,JOHNSTOWN,PA,15902,19500,right_only,19500.0
,,,,,,,,,,0.0,92-6400-112977,92,Business and Auxiliary Services,6400,112977,CALDWELL'S WINDOWARE INC,166 WABASH ST,,PITTSBURGH,PA,15220,1577,right_only,1577.0
,,,,,,,,,,0.0,92-6400-162065,92,Business and Auxiliary Services,6400,162065,CURRAN TAYLOR INC,300 HOUSTON SQUARE,,CANONSBURG,PA,15317,62136,right_only,62136.0
,,,,,,,,,,0.0,92-6400-248635,92,Business and Auxiliary Services,6400,248635,GRAINGER,3750 BROOKSIDE PKWY,STE 260,ALPHARETTA,GA,30022-1433,402302,right_only,402302.0
,,,,,,,,,,0.0,92-6400-318493,92,Business and Auxiliary Services,6400,318493,PAPPY JOE CONSTRUCTION CO INC,1506 JOCKEY MOORE RD,,ELLWOOD CITY,PA,16117,14520,right_only,14520.0
,,,,,,,,,,0.0,92-6400-320609,92,Business and Auxiliary Services,6400,320609,MEDIAQUEST,4891 CAMPBELLS RUN RD,,PITTSBURGH,PA,15205,34070,right_only,34070.0
,,,,,,,,,,0.0,92-6400-341822,92,Business and Auxiliary Services,6400,341822,"ALBERT, KEVIN C",4 DEERFIELD DR,,HARRISON CITY,PA,15636,3000,right_only,3000.0
,,,,,,,,,,0.0,92-6400-376590,92,Business and Auxiliary Services,6400,376590,COMCAST,P.O. BOX 105184,,ATLANTA,GA,30348-5184,7323,right_only,7323.0
,,,,,,,,,,0.0,92-6400-417599,92,Business and Auxiliary Services,6400,417599,PENSKE TRUCKING AND LEASING,PO BOX 802577,,CHICAGO,IL,60680,4702,right_only,4702.0
,,,,,,,,,,0.0,92-6400-462705,92,Business and Auxiliary Services,6400,462705,CAMPUS SPECIALITIES INC,410 FIFTH ST,,DUNMORE,PA,18512,15439,right_only,15439.0
,,,,,,,,,,0.0,92-6400-475342,92,Business and Auxiliary Services,6400,475342,"LOUIE, GREGORY",117 MORRIS AVENUE,,MOUNTAIN LAKES,NJ,07046,3000,right_only,3000.0
,,,,,,,,,,0.0,92-6400-504335,92,Business and Auxiliary Services,6400,504335,"MELE, MICHAEL",109 BUCK RUN DR,,HARRISON CITY,PA,15636,3000,right_only,3000.0
,,,,,,,,,,0.0,92-6400-520135,92,Business and Auxiliary Services,6400,520135,"ZIRPOLI, KATHRYN",3287 SUNNYSIDE RD,,BETHEL PARK,PA,15102,6750,right_only,6750.0
,,,,,,,,,,0.0,92-6400-521322,92,Business and Auxiliary Services,6400,521322,SUPRA OFFICE SOLUTIONS INC,PO BOX 201,,BALA CYNWYD,PA,19004,1594,right_only,1594.0
,,,,,,,,,,0.0,92-6400-523817,92,Business and Auxiliary Services,6400,523817,BUTLER BROTHERS FABRICARE LLC,29 BELLVIEW DR,,MCKEES ROCKS,PA,15136,2032,right_only,2032.0
,,,,,,,,,,0.0,92-6400-526011,92,Business and Auxiliary Services,6400,526011,"REEVES, HOLLY KRISTINA",1505 HAMBILTONIAN WAY,,YORK,PA,17404,3000,right_only,3000.0
,,,,,,,,,,0.0,92-6400-527609,92,Business and Auxiliary Services,6400,527609,BRIDGEVILLE APPLIANCE,532 WASHINGTON AVE,,BRIDGEVILLE,PA,15017,1942,right_only,1942.0
,,,,,,,,,,0.0,92-6400-543801,92,Business and Auxiliary Services,6400,543801,RICCIA ENTERPRISES LLC,"104 E OTTERMAN ST REAR, PO BOX 126",,GREENSBURG,PA,15601,146513,right_only,146513.0
,,,,,,,,,,0.0,92-6400-558135,92,Business and Auxiliary Services,6400,558135,AWESOME FILMS LLC,2653 GLOUCESTER DRIVE,,PITTSBURGH,PA,15241,5916,right_only,5916.0
,,,,,,,,,,0.0,92-6400-558748,92,Business and Auxiliary Services,6400,558748,"PFENDNER, CATHERINE",1308 SCHOOL HOUSE CIRCLE,,DOWNINGTOWN,PA,19335,3000,right_only,3000.0
,,,,,,,,,,0.0,92-6400-575530,92,Business and Auxiliary Services,6400,575530,FASTSIGNS (PITTSBURGH),4051 WILLIAM PENN HIGHWAY,,MONROEVILLE,PA,15146,1197,right_only,1197.0
,,,,,,,,,,0.0,92-6400-594180,92,Business and Auxiliary Services,6400,594180,"LAUNDRY CHUTE, LLC",1034 BEDFORD AVENUE,,PALM BEACH GARDENS,FL,33403,13746,right_only,13746.0
,,,,,,,,,,0.0,92-6400-617222,92,Business and Auxiliary Services,6400,617222,JONES LANG LASALLE AMERICAS INC,33845 TREASURY CENTER DR,,CHICAGO,IL,60694-3800,125000,right_only,125000.0
,,,,,,,,,,0.0,92-6400-625728,92,Business and Auxiliary Services,6400,625728,"ZUBROW, ANNA M",3100 OAKVIEW DR,,EXPORT,PA,15632,3000,right_only,3000.0
,,,,,,,,,,0.0,92-6400-650785,92,Business and Auxiliary Services,6400,650785,"WALSH, PATRICIA",215 HAZEL DR,,PITTSBURGH,PA,15228,6750,right_only,6750.0
,,,,,,,,,,0.0,92-6400-668162,92,Business and Auxiliary Services,6400,668162,H&K EQUIPMENT INC,4200 CASTEEL DRIVE,,CORAOPOLIS,PA,15108,35465,right_only,35465.0
,,,,,,,,,,0.0,92-6400-682215,92,Business and Auxiliary Services,6400,682215,ZEROREZ OF PITTSBURGH,453 LOWRIES RUN RD,STE B,PITTSBURGH,PA,15237,10206,right_only,10206.0
,,,,,,,,,,0.0,92-6400-683102,92,Business and Auxiliary Services,6400,683102,"PEASE, ELIZABETH",15 BARLETT CIR,,PALMYRA,PA,17078,3000,right_only,3000.0
,,,,,,,,,,0.0,92-6400-685920,92,Business and Auxiliary Services,6400,685920,LIBERTY DISTRIBUTORS INC,PO BOX 498,RT 40 EAST,TRIADELPHIA,WV,26059,1093,right_only,1093.0
,,,,,,,,,,0.0,92-6400-686515,92,Business and Auxiliary Services,6400,686515,"RIPPOLE, NATALIA",192 MOUNTAIN DR,,CARNEGIE,PA,15106,6750,right_only,6750.0
,,,,,,,,,,0.0,92-6400-688972,92,Business and Auxiliary Services,6400,688972,AMERICA TO GO LLC,1001 6TH AVE  12TH FLOOR,,NEW YORK,NY,10018,69750,right_only,69750.0
,,,,,,,,,,0.0,92-6400-690398,92,Business and Auxiliary Services,6400,690398,"WARNER, CHARLES",716 GREENFIELD AVE,,PITTSBURGH,PA,15207,5500,right_only,5500.0
,,,,,,,,,,0.0,92-6400-690444,92,Business and Auxiliary Services,6400,690444,"WAHL, ROSANNE",2510 GREENBORO LN,,PITTSBURGH,PA,15220,3000,right_only,3000.0
,,,,,,,,,,0.0,92-6400-690445,92,Business and Auxiliary Services,6400,690445,"SPEARMAN, JENNIFER",103 SEARIGHT DR,,BADEN,PA,15005,3000,right_only,3000.0
,,,,,,,,,,0.0,92-6400-690450,92,Business and Auxiliary Services,6400,690450,"KEMERER, BETH",2017 LAVALE CT,,MURRYSVILLE,PA,15668,3000,right_only,3000.0
,,,,,,,,,,0.0,92-6400-690453,92,Business and Auxiliary Services,6400,690453,"CACINI, CRAIG",291 HIGHVUE CIR,,WEXFORD,PA,15090,3000,right_only,3000.0
,,,,,,,,,,0.0,92-6400-690454,92,Business and Auxiliary Services,6400,690454,"ROBINSON, BRUCE",330 OLD CLAIRTON RD,,PITTSBURGH,PA,15236,3250,right_only,3250.0
,,,,,,,,,,0.0,92-6400-690455,92,Business and Auxiliary Services,6400,690455,"SCOTTO, MICHAEL",400 E 20TH ST APT 1G,,NEW YORK,NY,10009,3000,right_only,3000.0
,,,,,,,,,,0.0,92-6400-690456,92,Business and Auxiliary Services,6400,690456,"DOYLE, JOHN",739 ILLINI DR,,MONROEVILLE,PA,15146,3000,right_only,3000.0
,,,,,,,,,,0.0,92-6400-690457,92,Business and Auxiliary Services,6400,690457,"IANNUZZI, FELICE",2356 WILLOW RUN CT,,GIBSONIA,PA,15044,1000,right_only,1000.0
,,,,,,,,,,0.0,92-6400-690597,92,Business and Auxiliary Services,6400,690597,"MALLELA, SAHANA",846 RT 216,,POUGHQUAG,NY,12570,1000,right_only,1000.0
,,,,,,,,,,0.0,92-6400-691209,92,Business and Auxiliary Services,6400,691209,"SCHNEIDER, ALLIANA",221 SPRUCE HAVEN DR,,WEXFORD,PA,15090,3000,right_only,3000.0
,,,,,,,,,,0.0,92-6400-691210,92,Business and Auxiliary Services,6400,691210,"YOUNG, KATIE",1652 NORSEN DR,,PITTSBURGH,PA,15243,8000,right_only,8000.0
,,,,,,,,,,0.0,92-6400-691214,92,Business and Auxiliary Services,6400,691214,"COOLBAUGH, MARIA",6518 PEACOCK DR,,CORPUS CHRISTI,TX,78414,5375,right_only,5375.0
,,,,,,,,,,0.0,92-6400-691270,92,Business and Auxiliary Services,6400,691270,"GREGORINI, SUE",200 INDIAN RIDGE LN,,CANONSBURG,PA,15317,10500,right_only,10500.0
,,,,,,,,,,0.0,92-6400-691277,92,Business and Auxiliary Services,6400,691277,"GRENOBLE, EMILY",410 CRESTWOOD LN,,DOWNINGTON,PA,19335,2507,right_only,2507.0
,,,,,,,,,,0.0,92-6400-691954,92,Business and Auxiliary Services,6400,691954,"PIETROPOLA, THOMAS",513 SANDSTONE CT,,PITTSBURGH,PA,15239,1500,right_only,1500.0
,,,,,,,,,,0.0,92-6400-691955,92,Business and Auxiliary Services,6400,691955,"PINZOK, ZACHARY",171 WOODHAVEN DR,,SEVEN FIELDS,PA,16046,6750,right_only,6750.0
,,,,,,,,,,0.0,92-6400-691956,92,Business and Auxiliary Services,6400,691956,"COOK, ELLIOT",111 MAYBERRY DR,,MONROEVILLE,PA,15146,3000,right_only,3000.0
,,,,,,,,,,0.0,92-6400-691973,92,Business and Auxiliary Services,6400,691973,"STOPHEL, ERICA",605 ROLLING WOODS DR,,NORTH VERSAILLES,PA,15137,1100,right_only,1100.0
,,,,,,,,,,0.0,92-6400-692853,92,Business and Auxiliary Services,6400,692853,A-1 DISASTER RESOURCES LLC,726 J MONTANA DR,,CHARLOTTE,NC,28216,55149,right_only,55149.0
,,,,,,,,,,0.0,92-6400-693482,92,Business and Auxiliary Services,6400,693482,"PAW, PIOTR",271 FERNDALE RD,,WILLIAMSVILLE,NY,14221,6750,right_only,6750.0
,,,,,,,,,,0.0,92-6400-694206,92,Business and Auxiliary Services,6400,694206,"CAMMARATA, MICHAEL",8308 POST RD,,ALLISON PARK,PA,15101,8000,right_only,8000.0
,,,,,,,,,,0.0,92-6400-695748,92,Business and Auxiliary Services,6400,695748,"LAZORCHAK, JONATHAN",58 EDINBOROUGH CT,,HACKETTSTOWN,NJ,07840,1001,right_only,1001.0
,,,,,,,,,,0.0,92-6400-696494,92,Business and Auxiliary Services,6400,696494,"CHAVEL, ZAC",1724 S SHORE CT,,PITTSBURGH,PA,15203,3000,right_only,3000.0
,,,,,,,,,,0.0,92-6400-696495,92,Business and Auxiliary Services,6400,696495,"SINGH-STOFFER, JANICE",5805 ELGIN ST,,PITTSBURGH,PA,15206,3000,right_only,3000.0
,,,,,,,,,,0.0,92-6400-696499,92,Business and Auxiliary Services,6400,696499,"FARR, LON",1520 SHADY AVE,,PITTSBURGH,PA,15217,5750,right_only,5750.0
,,,,,,,,,,0.0,92-6400-696907,92,Business and Auxiliary Services,6400,696907,"MURPHY, JULIANNA",7803 LAFAYETTE SQ,,ALIQUIPPA,PA,15001,3000,right_only,3000.0
,,,,,,,,,,0.0,92-6400-696909,92,Business and Auxiliary Services,6400,696909,"YOUNG, SEAN",1223 RESACA PL,,PITTSBURGH,PA,15212,6750,right_only,6750.0
,,,,,,,,,,0.0,92-6400-696911,92,Business and Auxiliary Services,6400,696911,"TUNNEY, KAITLYN",1851 MENOLD CT,,ALLISON PARK,PA,15101,6750,right_only,6750.0
,,,,,,,,,,0.0,92-6400-696972,92,Business and Auxiliary Services,6400,696972,"MARCONI, LISA",244 LAKEVIEW DR,,MOON TWP,PA,15108,3000,right_only,3000.0
,,,,,,,,,,0.0,92-6400-697096,92,Business and Auxiliary Services,6400,697096,"KILIANY, TERENCE",956 BROADMEADOW DR,,PITTSBURGH,PA,15237,6750,right_only,6750.0
,,,,,,,,,,0.0,92-6400-697201,92,Business and Auxiliary Services,6400,697201,"OLSON, JUDITH",2507 BIRCHWOOD CT,,WEXFORD,PA,15090,3000,right_only,3000.0
,,,,,,,,,,0.0,92-6400-698018,92,Business and Auxiliary Services,6400,698018,"PUDLO, BRIAN",5405 CARNEGIE ST,,PITTSBURGH,PA,15201,6750,right_only,6750.0
,,,,,,,,,,0.0,92-6400-698830,92,Business and Auxiliary Services,6400,698830,"SHEVCHIK, GEORGE",2509 ACORN CT,,WEXFORD,PA,15090,3000,right_only,3000.0
,,,,,,,,,,0.0,92-6400-698831,92,Business and Auxiliary Services,6400,698831,"BOBER, MITCHELL",1025 WASHINGTON RD,,PITTSBURGH,PA,15228,1500,right_only,1500.0
,,,,,,,,,,0.0,92-6400-699301,92,Business and Auxiliary Services,6400,699301,"SCHIPANI, BETH ANN",2516 MINTON DR,,MOON,PA,15108,10500,right_only,10500.0
,,,,,,,,,,0.0,92-6400-699302,92,Business and Auxiliary Services,6400,699302,"THOMPSON,  CAROL",3576 HUNTERTOWN RD,,ALLISON PARK,PA,15101,3000,right_only,3000.0
,,,,,,,,,,0.0,92-6400-699922,92,Business and Auxiliary Services,6400,699922,"FARR, JUSTIN",101 85TH AVE N,,ST PETERSBURG,FL,33702,8000,right_only,8000.0
,,,,,,,,,,0.0,92-6400-699923,92,Business and Auxiliary Services,6400,699923,"BARTHOLOMEW, BENJAMIN",600 S NEGLEY AVE APT A4,,PITTSBURGH,PA,15232,3000,right_only,3000.0
,,,,,,,,,,0.0,92-6400-700328,92,Business and Auxiliary Services,6400,700328,"GRENEN, JIM",107 SHADOW RIDGE DR,,PITTSBURGH,PA,15238,3000,right_only,3000.0
,,,,,,,,,,0.0,92-7400-107011,92,Business and Auxiliary Services,7400,107011,LYNNE RIENNER PUBLISHERS INC,1800 30TH ST,STE 314,BOULDER,CO,80301,1444,right_only,1444.0
,,,,,,,,,,0.0,92-7400-350098,92,Business and Auxiliary Services,7400,350098,HANDWAVE PUBLICATIONS,1121 N BETHLEHEM PIKE,STE 60-134,SPRINGHOUSE,PA,19477,2567,right_only,2567.0
,,,,,,,,,,0.0,93-6400-103356,93,Public Safety and Emergency Management,6400,103356,DELL MARKETING LP,DEPT AT 40275,,ATLANTA,GA,31192-0001,2915,right_only,2915.0
,,,,,,,,,,0.0,93-6400-104257,93,Public Safety and Emergency Management,6400,104257,FISHER SCIENTIFIC COMPANY LLC,PO BOX 406538,,ATLANTA,GA,30384-6538,5655,right_only,5655.0
,,,,,,,,,,0.0,93-6400-163005,93,Public Safety and Emergency Management,6400,163005,MEDLINE INDUSTRIES INC,ONE MEDLINE PLACE,,MUNDELEIN,IL,60060-4486,40849,right_only,40849.0
,,,,,,,,,,0.0,93-6400-248552,93,Public Safety and Emergency Management,6400,248552,TEAM BEANS LLC,11 ELKINS RD,,EAST BRUNSWICK,NJ,08816-2006,1823,right_only,1823.0
,,,,,,,,,,0.0,93-6400-248635,93,Public Safety and Emergency Management,6400,248635,GRAINGER,3750 BROOKSIDE PKWY,STE 260,ALPHARETTA,GA,30022-1433,1084,right_only,1084.0
,,,,,,,,,,0.0,93-6400-274007,93,Public Safety and Emergency Management,6400,274007,VWR INTERNATIONAL,405 HERON DRIVE,,BRIDGEPORT,NJ,08014,2910,right_only,2910.0
,,,,,,,,,,0.0,93-6400-446194,93,Public Safety and Emergency Management,6400,446194,"LANDMARK EVENT STAFFING SERVICES, INC",4131 HARBOR WALK DRIVE,,FORT COLLINS,CO,80525,1689115,right_only,1689115.0
,,,,,,,,,,0.0,93-6400-682215,93,Public Safety and Emergency Management,6400,682215,ZEROREZ OF PITTSBURGH,453 LOWRIES RUN RD,STE B,PITTSBURGH,PA,15237,22720,right_only,22720.0
,,,,,,,,,,0.0,93-6900-160423,93,Public Safety and Emergency Management,6900,160423,IACLEA,PO BOX 849076,,BOSTON,MA,02284-9076,1650,right_only,1650.0
,,,,,,,,,,0.0,94-6400-100877,94,School of Computing and Information,6400,100877,APPLE COMPUTER INC,PO BOX 281877,,ATLANTA,GA,30384-1877,12580,right_only,12580.0
,,,,,,,,,,0.0,94-6400-103356,94,School of Computing and Information,6400,103356,DELL MARKETING LP,DEPT AT 40275,,ATLANTA,GA,31192-0001,12650,right_only,12650.0
,,,,,,,,,,0.0,94-6400-185133,94,School of Computing and Information,6400,185133,CDW GOVERNMENT INC,75 REMITTANCE DR,SUITE 1515,CHICAGO,IL,60675-1515,1056,right_only,1056.0
,,,,,,,,,,0.0,94-6400-521322,94,School of Computing and Information,6400,521322,SUPRA OFFICE SOLUTIONS INC,PO BOX 201,,BALA CYNWYD,PA,19004,2120,right_only,2120.0
